년도,시도,시군구,산후조리원수,총병실수,SIGUNGU_CD
2023,강원특별자치도,강릉시,3,1840.0,32030
2023,강원특별자치도,동해시,2,940.0,32040
2023,강원특별자치도,삼척시,1,180.0,32070
2023,강원특별자치도,양구군,1,180.0,32580
2023,강원특별자치도,원주시,5,2405.0,32020
2023,강원특별자치도,철원군,1,358.0,32560
2023,강원특별자치도,춘천시,3,1730.0,32010
2023,강원특별자치도,화천군,1,180.0,32570
2023,경기도,고양시 덕양구,3,1580.0,31101
2023,경기도,고양시 일산동구,5,3345.0,31103
2023,경기도,고양시 일산서구,3,1000.0,31104
2023,경기도,광명시,6,3070.0,31060
2023,경기도,구리시,4,2370.0,31120
2023,경기도,군포시,4,1620.0,31160
2023,경기도,김포시,5,4185.0,31230
2023,경기도,남양주시,3,810.0,31130
2023,경기도,성남시 분당구,13,9581.0,31023
2023,경기도,성남시 수정구,6,2611.0,31021
2023,경기도,성남시 중원구,1,520.0,31022
2023,경기도,수원시 권선구,5,2426.0,31012
2023,경기도,수원시 영통구,6,3595.0,31014
2023,경기도,수원시 장안구,2,730.0,31011
2023,경기도,수원시 팔달구,3,1570.0,31013
2023,경기도,시흥시,2,790.0,31150
2023,경기도,안산시 단원구,5,2349.0,31092
2023,경기도,안산시 상록구,1,180.0,31091
2023,경기도,안양시 동안구,6,2995.0,31042
2023,경기도,안양시 만안구,1,290.0,31041
2023,경기도,양주시,2,1450.0,31260
2023,경기도,여주시,1,168.0,31280
2023,경기도,오산시,2,840.0,31140
2023,경기도,용인시 기흥구,8,3926.0,31192
2023,경기도,용인시 수지구,6,3705.0,31193
2023,경기도,용인시 처인구,2,930.0,31191
2023,경기도,의왕시,1,730.0,31170
2023,경기도,의정부시,6,3200.0,31030
2023,경기도,이천시,2,1290.0,31210
2023,경기도,파주시,5,3750.0,31200
2023,경기도,평택시,6,3647.0,31070
2023,경기도,포천시,2,668.0,31270
2023,경기도,하남시,4,2840.0,31180
2023,경기도,화성시,11,6390.0,31240
2023,경상남도,거제시,1,593.0,38090
2023,경상남도,김해시,4,2010.0,38070
2023,경상남도,밀양시,1,160.0,38080
2023,경상남도,양산시,2,1020.0,38100
2023,경상남도,진주시,3,1660.0,38030
2023,경상남도,창원시 마산합포구,13,7523.0,38113
2023,경상남도,창원시 마산회원구,13,7523.0,38114
2023,경상남도,창원시 성산구,13,7523.0,38112
2023,경상남도,창원시 의창구,13,7523.0,38111
2023,경상남도,창원시 진해구,13,7523.0,38115
2023,경상남도,통영시,1,580.0,38050
2023,경상북도,경주시,1,440.0,37020
2023,경상북도,구미시,4,1864.0,37050
2023,경상북도,김천시,1,378.0,37030
2023,경상북도,상주시,1,180.0,37080
2023,경상북도,안동시,1,218.0,37040
2023,경상북도,영천시,1,420.0,37070
2023,경상북도,울진군,1,182.0,37620
2023,경상북도,포항시 남구,3,1260.0,37011
2023,경상북도,포항시 북구,3,1260.0,37012
2023,광주광역시,광산구,2,2387.0,24050
2023,광주광역시,남구,1,464.0,24030
2023,광주광역시,북구,3,2727.0,24040
2023,광주광역시,서구,1,679.0,24020
2023,대구광역시,달서구,5,2570.0,22070
2023,대구광역시,달성군,2,1050.0,22510
2023,대구광역시,동구,1,620.0,22020
2023,대구광역시,북구,4,2220.0,22050
2023,대구광역시,서구,1,540.0,22030
2023,대구광역시,수성구,7,4630.0,22060
2023,대전광역시,동구,2,1258.0,25010
2023,대전광역시,서구,6,3971.0,25030
2023,대전광역시,유성구,1,795.0,25040
2023,부산광역시,강서구,1,240.0,21120
2023,부산광역시,금정구,1,780.0,21110
2023,부산광역시,기장군,2,1220.0,21510
2023,부산광역시,남구,1,820.0,21070
2023,부산광역시,동구,1,650.0,21030
2023,부산광역시,동래구,1,560.0,21060
2023,부산광역시,부산진구,2,1410.0,21050
2023,부산광역시,북구,3,1740.0,21080
2023,부산광역시,사하구,3,1626.0,21100
2023,부산광역시,서구,1,460.0,21020
2023,부산광역시,수영구,1,1260.0,21140
2023,부산광역시,연제구,2,1540.0,21130
2023,부산광역시,해운대구,3,3823.0,21090
2023,서울특별시,강남구,16,37141.0,11230
2023,서울특별시,강동구,10,6786.0,11250
2023,서울특별시,강북구,2,1300.0,11090
2023,서울특별시,강서구,8,8565.0,11160
2023,서울특별시,관악구,2,1310.0,11210
2023,서울특별시,광진구,3,1640.0,11050
2023,서울특별시,구로구,5,2790.0,11170
2023,서울특별시,금천구,2,1340.0,11180
2023,서울특별시,노원구,5,2410.0,11110
2023,서울특별시,도봉구,3,1520.0,11100
2023,서울특별시,동대문구,6,3976.0,11060
2023,서울특별시,동작구,2,1460.0,11200
2023,서울특별시,마포구,3,2350.0,11140
2023,서울특별시,서대문구,3,1753.0,11130
2023,서울특별시,서초구,4,3540.0,11220
2023,서울특별시,성동구,1,450.0,11040
2023,서울특별시,성북구,2,690.0,11080
2023,서울특별시,송파구,9,6939.0,11240
2023,서울특별시,양천구,8,4640.0,11150
2023,서울특별시,영등포구,4,3130.0,11190
2023,서울특별시,용산구,1,3200.0,11030
2023,서울특별시,은평구,6,3280.0,11120
2023,서울특별시,종로구,2,3410.0,11010
2023,서울특별시,중구,2,1180.0,11020
2023,서울특별시,중랑구,3,2320.0,11070
2023,세종특별자치시,세종시,6,3270.0,29010
2023,울산광역시,남구,3,970.0,26020
2023,울산광역시,동구,1,240.0,26030
2023,울산광역시,북구,1,226.8,26040
2023,울산광역시,중구,2,1435.0,26010
2023,인천광역시,계양구,2,1139.0,23070
2023,인천광역시,남동구,4,2270.0,23050
2023,인천광역시,미추홀구,5,3100.0,23090
2023,인천광역시,부평구,2,1210.0,23060
2023,인천광역시,서구,7,3400.0,23080
2023,인천광역시,연수구,2,1300.0,23040
2023,전라남도,강진군,1,154.0,36590
2023,전라남도,광양시,1,343.0,36060
2023,전라남도,나주시,1,154.0,36040
2023,전라남도,목포시,2,400.0,36010
2023,전라남도,순천시,4,1410.0,36030
2023,전라남도,여수시,2,584.0,36020
2023,전라남도,완도군,1,154.0,36660
2023,전라남도,해남군,1,308.0,36600
2023,전라북도,군산시,2,850.0,35020
2023,전라북도,익산시,1,250.0,35030
2023,전라북도,전주시 덕진구,6,2361.0,35012
2023,전라북도,전주시 완산구,6,2361.0,35011
2023,제주특별자치도,서귀포시,2,344.0,39020
2023,제주특별자치도,제주시,5,3063.0,39010
2023,충청남도,공주시,1,364.0,34020
2023,충청남도,당진시,2,500.0,34080
2023,충청남도,서산시,2,766.0,34050
2023,충청남도,아산시,3,1370.0,34040
2023,충청남도,천안시 동남구,1,560.0,34011
2023,충청남도,천안시 서북구,7,2680.0,34012
2023,충청남도,홍성군,1,182.0,34560
2023,충청북도,청주시 상당구,1,116.0,33041
2023,충청북도,청주시 서원구,3,1298.0,33042
2023,충청북도,청주시 청원구,2,632.0,33044
2023,충청북도,청주시 흥덕구,3,660.0,33043
2023,충청북도,충주시,1,740.0,33020
2023,경기도,부천시 원미구,6,3410.0,31051
2023,경기도,부천시 소사구,6,3410.0,31052
2023,경기도,부천시 오정구,6,3410.0,31053
