시도명칭,시군구명칭,출생등록 수,시군구코드
강원특별자치도,강릉시,394,32030
강원특별자치도,고성군,28,32600
강원특별자치도,동해시,177,32040
강원특별자치도,삼척시,129,32070
강원특별자치도,속초시,135,32060
강원특별자치도,양구군,67,32580
강원특별자치도,양양군,38,32610
강원특별자치도,영월군,41,32530
강원특별자치도,원주시,888,32020
강원특별자치도,인제군,97,32590
강원특별자치도,정선군,32,32550
강원특별자치도,철원군,112,32560
강원특별자치도,춘천시,581,32010
강원특별자치도,태백시,48,32050
강원특별자치도,평창군,38,32540
강원특별자치도,홍천군,114,32510
강원특별자치도,화천군,60,32570
강원특별자치도,횡성군,51,32520
경기도,가평군,195,31570
경기도,고양시 덕양구,"2,840",31101
경기도,고양시 일산동구,"1,139",31103
경기도,고양시 일산서구,"1,184",31104
경기도,과천시,617,31110
경기도,광명시,"1,503",31060
경기도,광주시,"2,015",31250
경기도,구리시,826,31120
경기도,군포시,"1,434",31160
경기도,김포시,"2,867",31230
경기도,남양주시,"3,317",31130
경기도,동두천시,310,31080
경기도,부천시 소사구,"3,450",31052
경기도,부천시 오정구,"3,450",31053
경기도,부천시 원미구,"3,450",31051
경기도,성남시 분당구,"2,276",31023
경기도,성남시 수정구,"1,094",31021
경기도,성남시 중원구,"1,166",31022
경기도,수원시 권선구,"1,934",31012
경기도,수원시 영통구,"2,160",31014
경기도,수원시 장안구,980,31011
경기도,수원시 팔달구,960,31013
경기도,시흥시,"2,910",31150
경기도,안산시 단원구,"1,566",31092
경기도,안산시 상록구,"1,468",31091
경기도,안성시,742,31220
경기도,안양시 동안구,"1,845",31042
경기도,안양시 만안구,"1,319",31041
경기도,양주시,"1,421",31260
경기도,양평군,484,31580
경기도,여주시,422,31280
경기도,연천군,159,31550
경기도,오산시,"1,083",31140
경기도,용인시 기흥구,"2,027",31192
경기도,용인시 수지구,"1,969",31193
경기도,용인시 처인구,"1,116",31191
경기도,의왕시,866,31170
경기도,의정부시,"2,139",31030
경기도,이천시,"1,172",31210
경기도,파주시,"2,469",31200
경기도,평택시,"3,711",31070
경기도,포천시,533,31270
경기도,하남시,"2,070",31180
경기도,화성시,"6,783",31240
경상남도,거제시,836,38090
경상남도,거창군,215,38590
경상남도,고성군,85,38540
경상남도,김해시,"2,516",38070
경상남도,남해군,72,38550
경상남도,밀양시,278,38080
경상남도,사천시,408,38060
경상남도,산청군,67,38570
경상남도,양산시,"1,700",38100
경상남도,의령군,55,38510
경상남도,진주시,"1,693",38030
경상남도,창녕군,143,38530
경상남도,창원시 마산합포구,738,38113
경상남도,창원시 마산회원구,587,38114
경상남도,창원시 성산구,"1,246",38112
경상남도,창원시 의창구,965,38111
경상남도,창원시 진해구,906,38115
경상남도,통영시,352,38050
경상남도,하동군,95,38560
경상남도,함안군,147,38520
경상남도,함양군,78,38580
경상남도,합천군,62,38600
경상북도,경산시,"1,209",37100
경상북도,경주시,"1,004",37020
경상북도,고령군,88,37570
경상북도,구미시,"1,892",37050
경상북도,김천시,687,37030
경상북도,문경시,210,37090
경상북도,봉화군,62,37610
경상북도,상주시,309,37080
경상북도,성주군,146,37580
경상북도,안동시,613,37040
경상북도,영덕군,83,37550
경상북도,영양군,29,37540
경상북도,영주시,312,37060
경상북도,영천시,482,37070
경상북도,예천군,287,37600
경상북도,울릉군,26,37630
경상북도,울진군,178,37620
경상북도,의성군,183,37520
경상북도,청도군,99,37560
경상북도,청송군,81,37530
경상북도,칠곡군,350,37590
경상북도,포항시 남구,888,37011
경상북도,포항시 북구,"1,214",37012
광주광역시,광산구,"1,947",24050
광주광역시,남구,854,24030
광주광역시,동구,544,24010
광주광역시,북구,"1,865",24040
광주광역시,서구,"1,036",24020
대구광역시,군위군,21,22520
대구광역시,남구,460,22040
대구광역시,달서구,"2,054",22070
대구광역시,달성군,"1,738",22510
대구광역시,동구,"1,526",22020
대구광역시,북구,"1,679",22050
대구광역시,서구,376,22030
대구광역시,수성구,"1,196",22060
대구광역시,중구,534,22010
대전광역시,대덕구,751,25050
대전광역시,동구,950,25010
대전광역시,서구,"2,364",25030
대전광역시,유성구,"2,414",25040
대전광역시,중구,815,25020
부산광역시,강서구,"1,033",21120
부산광역시,금정구,645,21110
부산광역시,기장군,897,21510
부산광역시,남구,813,21070
부산광역시,동구,373,21030
부산광역시,동래구,"1,109",21060
부산광역시,부산진구,"1,638",21050
부산광역시,북구,"1,208",21080
부산광역시,사상구,694,21150
부산광역시,사하구,"1,093",21100
부산광역시,서구,316,21020
부산광역시,수영구,683,21140
부산광역시,연제구,853,21130
부산광역시,영도구,320,21040
부산광역시,중구,73,21010
부산광역시,해운대구,"1,424",21090
서울특별시,강남구,"2,350",11230
서울특별시,강동구,"2,249",11250
서울특별시,강북구,863,11090
서울특별시,강서구,"2,684",11160
서울특별시,관악구,"1,489",11210
서울특별시,광진구,"1,279",11050
서울특별시,구로구,"2,014",11170
서울특별시,금천구,966,11180
서울특별시,노원구,"2,117",11110
서울특별시,도봉구,"1,022",11100
서울특별시,동대문구,"1,393",11060
서울특별시,동작구,"1,736",11200
서울특별시,마포구,"1,628",11140
서울특별시,서대문구,"1,332",11130
서울특별시,서초구,"1,797",11220
서울특별시,성동구,"1,521",11040
서울특별시,성북구,"1,758",11080
서울특별시,송파구,"3,114",11240
서울특별시,양천구,"1,534",11150
서울특별시,영등포구,"2,216",11190
서울특별시,용산구,"1,047",11030
서울특별시,은평구,"1,777",11120
서울특별시,종로구,407,11010
서울특별시,중구,550,11020
서울특별시,중랑구,"1,811",11070
세종특별자치시,세종시,"2,802",29010
울산광역시,남구,"1,387",26020
울산광역시,동구,646,26030
울산광역시,북구,"1,268",26040
울산광역시,울주군,"1,087",26510
울산광역시,중구,757,26010
인천광역시,강화군,254,23510
인천광역시,계양구,986,23070
인천광역시,남동구,"1,870",23050
인천광역시,동구,237,23020
인천광역시,미추홀구,"1,732",23090
인천광역시,부평구,"2,231",23060
인천광역시,서구,"3,669",23080
인천광역시,연수구,"2,002",23040
인천광역시,옹진군,60,23520
인천광역시,중구,857,23010
전라남도,강진군,154,36590
전라남도,고흥군,172,36550
전라남도,곡성군,62,36520
전라남도,광양시,832,36060
전라남도,구례군,55,36530
전라남도,나주시,735,36040
전라남도,담양군,195,36510
전라남도,목포시,831,36010
전라남도,무안군,470,36620
전라남도,보성군,105,36560
전라남도,순천시,"1,409",36030
전라남도,신안군,100,36680
전라남도,여수시,"1,132",36020
전라남도,영광군,373,36640
전라남도,영암군,193,36610
전라남도,완도군,143,36660
전라남도,장성군,173,36650
전라남도,장흥군,139,36580
전라남도,진도군,89,36670
전라남도,함평군,100,36630
전라남도,해남군,259,36600
전라남도,화순군,212,36570
전라북도,고창군,137,35570
전라북도,군산시,983,35020
전라북도,김제시,412,35060
전라북도,남원시,254,35050
전라북도,무주군,43,35530
전라북도,부안군,130,35580
전라북도,순창군,79,35560
전라북도,완주군,411,35510
전라북도,익산시,923,35030
전라북도,임실군,98,35550
전라북도,장수군,67,35540
전라북도,전주시 덕진구,"1,517",35012
전라북도,전주시 완산구,"1,203",35011
전라북도,정읍시,337,35040
전라북도,진안군,98,35520
제주특별자치도,서귀포시,734,39020
제주특별자치도,제주시,"2,545",39010
충청남도,계룡시,184,34070
충청남도,공주시,340,34020
충청남도,금산군,102,34510
충청남도,논산시,389,34060
충청남도,당진시,819,34080
충청남도,보령시,300,34030
충청남도,부여군,103,34530
충청남도,서산시,866,34050
충청남도,서천군,105,34540
충청남도,아산시,"1,971",34040
충청남도,예산군,281,34570
충청남도,천안시 동남구,"1,079",34011
충청남도,천안시 서북구,"2,446",34012
충청남도,청양군,67,34550
충청남도,태안군,146,34580
충청남도,홍성군,388,34560
충청북도,괴산군,64,33560
충청북도,단양군,63,33580
충청북도,보은군,68,33520
충청북도,영동군,114,33540
충청북도,옥천군,117,33530
충청북도,음성군,308,33570
충청북도,제천시,516,33030
충청북도,증평군,221,33590
충청북도,진천군,427,33550
충청북도,청주시 상당구,"1,022",33041
충청북도,청주시 서원구,871,33042
충청북도,청주시 청원구,"1,169",33044
충청북도,청주시 흥덕구,"1,799",33043
충청북도,충주시,934,33020
